
            Article ID,Newspaper Title,Newspaper City,Newspaper Province,Newspaper Country,Year,Month,Day,Article Type,Text,Keywords
        ID247,Scotsman,Edinburgh,Scotland,United Kingdom,1835,05,13,inform,Emigration. –The Venus steam-boar left the Steam Packet Wharf St Katherine's Dock yesterday morning with from 230 to 240 female emigrants to take their passage on board the ship Canton for Sydney. The emigrants were for the most part fine healthy looking girls some of them of exceedingly interesting appearance and almost all of a class much above that in which the distress which prompts to emigration would be supposed to exist. ,undefined
        ID248,Scotsman,Edinburgh,Scotland,United Kingdom,1835,07,08,inform,A new principle has been recognised in the regulations attendant upon the transportation of convicts from this country to New South Wales. Boys of six and girls of ten years will be allowed to accompany their parents to that distant colony. ,transportation
        ID249,Scotsman,Edinburgh,Scotland,United Kingdom,1835,08,05,inform,Emigration –We observe from an advertisement in our paper of to-day that another ship is fitting out by Government for the free conveyance of females to Van Dieman's Land ; and as we understand that many applications were made too late for the last ship we would recommend those anxious to take advantage of this opportunity to lose no time in making the neccessary application at Leith–the number being strictly limited and being the last ship to sail this year. We consider it of great advantage to females of respectability that none are admitted without a strict investigation into their moral character by the Emigration Committee ; and that those of a superior class as governesses &c. are provided a small sum to defray the expense of the extra outfit. ,undefined
        ID250,Scotsman,Edinburgh,Scotland,United Kingdom,1835,08,05,inform,Free Emigration of Females T he Emigration Committee (acting under the authority of the Secretary of State for the Colonies) HEREBY GIVES NOTICE That the BOADICEA a fine new ship of 500 Tons fitted expressly for the conveyance of Females will sail from GRAVESEND on T hursday the 1st day of O ctober for HOBART TOWN. Single Females of good character between 15 and 30 years of age will be admitted to a Free Passage by making application accompanied with certificates to Lieut. F orrest R.N. his Majesty's Agent for Emigration Custom-house Leith from whom particulars may be obtained. A limited number of MARRIED AGRICULTURAL LABOURERS and MECHANICS and their Failies will be sent by this Vessel on liberal terms ; but none need apply without certificates of moral character. ,Women--Great Britain;emigration and immigration;emigration and immigration
        ID251,Scotsman,Edinburgh,Scotland,United Kingdom,1835,09,16,inform,On Thursday evening a dinner was given to Captain Hindmarsh R.N. to celebrate the circumstance of his Majesty having graciously expressed his approbation of the choice of that gentleman to be the Governor of the new colony in South Australia. The entertainment took place at the Albion Tavern. ,navy;colonial politics
        ID252,Scotsman,Edinburgh,Scotland,United Kingdom,1835,11,21,inform,South Australia. –The act of Parliament for founding this colony will now come into full operation ; the Commissioners having complied with the conditions precedent by the sale of t35000 worth of land and by raisingthe required loan for the government of the colony. We may therefore expect shortly to see the names of the various officers gazetted (some of them have been long ago nominated) ; and we understand that active preparations are making with a view to the immediate departure of the officers and a small body of emigrants. This first expedition will be placed under the command of Captain Hindmarsh R.N. the Governor ; who with the assistance of the Surveyors and other qualified persons will carefully examine the various harbours in the colony the quality of the neighbouring soil the supply of water &c. ; and will select that site which all things considered is most desirable for the first town. We believe it is the intention of the Commissions not to send out the main body of emigrants until the next spring so as to allow ample time for the necessary preparations for their reception.– Spectator. There have been 300 convents suppressed within the last three years. The example was set by the Emperor of Russia who was by an ukase dated 31st July 1832 abolished 187 convents of monks. This was followed by the King of Prussia who by a royal order secularised all the convents in the Duchy of Posen. In 1834 Don Pedro put down 300 convents and Spain has lately abolished 1800. ,undefined